﻿﻿<?xml version="1.0" encoding="utf-8"?>
<meta:metadata xmlns:attachmentfile="urn:attachmentfile:1.0" xmlns:xs="http://www.w3.org/2001/XMLSchema" xmlns:data="urn:data:1.0" xmlns:dc="http://purl.org/dc/elements/1.1/" xmlns:setting="urn:setting:1.0" xmlns:presentation="urn:presentation:1.0" xmlns:attachment="urn:attachment:1.0" xmlns:manifest="urn:manifest:1.0" xmlns:content="urn:content:1.0" xmlns:meta="urn:meta:1.0">
  <dc:title>Žiadosť o vloženie/zmenu/zneplatnenie vzoru formulára</dc:title>
  <dc:identifier>http://data.gov.sk/doc/eform/upvs.eform.EFormRequest/1.0</dc:identifier>
  <dc:description>Žiadosť o vloženie/zmenu/zneplatnenie vzoru formulára</dc:description>
  <dc:creator>UPVSP-VYVOJ\vladimir.skopik</dc:creator>
  <dc:publisher>UPVS</dc:publisher>
  <meta:version>1.0</meta:version>
  <meta:validDateFrom>2015-02-20</meta:validDateFrom>
  <meta:inForceFrom>2015-02-20</meta:inForceFrom>
</meta:metadata>